age,income,credit_score,employment_status,education_level,savings,eligible_to_buy
61,190,618,unemployed,high school,6018,False
18,2680,456,student,master,5278,False
54,4094,559,employed,bachelor,18660,False
24,4434,681,student,doctorate,10240,True
49,12511,693,employed,doctorate,11239,True
18,406,536,unemployed,high school,10999,False
27,2496,420,employed,high school,9481,False
29,4343,419,student,doctorate,9340,False
56,3937,488,retired,master,12115,False
19,1979,782,student,bachelor,3946,False
59,13590,685,employed,doctorate,14958,True
28,12497,316,employed,doctorate,16063,False
21,2610,591,retired,bachelor,13169,False
33,2514,335,retired,bachelor,1471,False
21,4541,690,retired,doctorate,18427,True
54,1643,418,unemployed,master,4953,False
41,2382,596,employed,high school,5601,False
65,1234,359,student,high school,3250,False
19,808,309,unemployed,high school,12990,False
57,5484,621,student,doctorate,17822,True
49,3954,434,retired,master,13238,False
35,1455,614,retired,high school,12810,False
48,1327,488,student,high school,748,False
67,1800,820,unemployed,master,19163,True
62,1697,660,unemployed,master,53,False
54,2889,360,retired,bachelor,2896,False
46,6763,844,employed,master,14208,True
50,2459,446,retired,bachelor,6006,False
58,2595,565,employed,high school,5329,False
35,554,375,unemployed,high school,8973,False
40,2551,651,retired,bachelor,4288,False
50,3597,552,retired,master,5233,False
46,4746,666,student,doctorate,1097,True
51,753,461,unemployed,high school,15219,False
19,5358,741,student,doctorate,9953,True
50,253,315,unemployed,high school,2276,False
28,457,316,unemployed,bachelor,19341,False
42,481,384,unemployed,high school,9705,False
51,1472,445,retired,high school,14120,False
40,8771,592,employed,master,12710,False
46,1736,464,student,bachelor,9138,False
68,5045,506,student,doctorate,15386,False
36,5406,584,employed,bachelor,17555,False
50,3470,378,student,master,7152,False
68,3131,475,employed,bachelor,2694,False
67,8768,614,employed,master,13490,False
57,2189,682,employed,high school,16134,True
41,13992,753,employed,doctorate,19926,True
18,420,816,unemployed,high school,592,False
45,1119,623,unemployed,master,7484,False
56,11524,828,employed,doctorate,4786,True
46,3201,383,student,master,6545,False
41,7973,700,employed,master,14252,True
46,1415,504,retired,high school,4875,False
67,861,561,unemployed,high school,17295,False
38,1610,314,retired,high school,13255,False
33,409,683,unemployed,bachelor,8550,True
24,91,807,unemployed,high school,7577,True
35,3113,408,student,master,16865,False
68,782,451,unemployed,bachelor,11032,False
64,2154,374,student,bachelor,15162,False
47,166,504,unemployed,high school,2922,False
62,1323,500,unemployed,bachelor,11963,False
65,2969,739,employed,high school,14221,True
69,6120,630,employed,master,3153,False
49,12088,301,employed,doctorate,12496,False
50,2099,403,employed,high school,7357,False
28,4809,689,retired,doctorate,1159,False
42,7139,385,employed,master,260,False
31,2246,483,student,bachelor,13012,False
54,2465,744,student,bachelor,15577,True
65,2841,571,employed,high school,883,False
34,2885,598,employed,high school,12514,False
31,5784,400,student,doctorate,9496,False
30,3556,386,retired,master,16119,False
68,2404,416,student,bachelor,1248,False
32,435,633,unemployed,high school,15142,False
48,2103,733,employed,high school,4892,True
63,5622,463,student,doctorate,11746,False
28,1442,780,student,high school,19824,True
60,1062,472,retired,high school,2938,False
54,4752,697,student,doctorate,18376,True
52,4923,326,retired,doctorate,11951,False
38,2053,517,retired,bachelor,4623,False
49,7206,315,employed,master,7479,False
54,3990,671,retired,master,15621,True
39,2943,535,retired,bachelor,17244,False
44,683,774,unemployed,bachelor,7707,True
37,6113,847,employed,master,19036,True
47,1925,538,retired,high school,10532,False
58,1449,679,retired,high school,16346,True
40,1609,623,retired,high school,11171,False
27,2008,587,retired,bachelor,3432,False
27,139,630,unemployed,high school,4011,False
62,310,466,unemployed,high school,17336,False
49,4138,360,student,doctorate,16516,False
56,2032,489,retired,bachelor,828,False
34,5209,349,employed,bachelor,5445,False
58,3907,676,retired,master,3081,False
18,1648,357,student,bachelor,909,False
48,4185,588,retired,doctorate,3812,False
46,11625,556,employed,doctorate,18029,False
39,1383,830,student,high school,12810,True
56,827,395,unemployed,master,11789,False
49,4495,340,student,doctorate,4769,False
68,2032,450,retired,bachelor,14116,False
20,3814,465,retired,master,10347,False
28,4641,381,retired,doctorate,8548,False
41,1414,490,unemployed,bachelor,13443,False
68,11948,336,employed,doctorate,3375,False
46,3064,557,student,master,7689,False
42,6879,494,employed,master,19181,False
34,602,358,unemployed,master,9722,False
60,2661,614,retired,bachelor,9603,False
43,1886,322,unemployed,doctorate,13789,False
40,96,807,unemployed,high school,17965,True
32,12761,485,employed,doctorate,920,False
34,2252,411,employed,high school,3233,False
30,2263,845,employed,high school,14571,True
20,1791,325,retired,high school,5886,False
31,1467,498,retired,high school,2277,False
49,2274,577,unemployed,doctorate,5447,False
48,730,361,unemployed,bachelor,19781,False
28,2857,305,unemployed,doctorate,11591,False
58,7868,561,employed,master,14621,False
25,2290,507,retired,bachelor,14955,False
35,2278,589,employed,high school,1841,False
64,1905,484,retired,high school,8671,False
53,869,385,unemployed,high school,17097,False
67,1806,469,unemployed,master,15426,False
64,931,438,unemployed,bachelor,3042,False
59,1361,747,unemployed,bachelor,6121,True
61,10668,308,employed,doctorate,19528,False
34,3239,495,retired,master,5868,False
54,4262,541,student,doctorate,18169,False
56,6603,466,employed,master,7400,False
46,5967,825,student,doctorate,17360,True
32,2272,421,retired,bachelor,14283,False
62,1926,731,retired,high school,12747,True
45,998,590,unemployed,high school,4211,False
20,1765,487,unemployed,doctorate,9694,False
56,3589,485,student,master,8747,False
31,3546,493,retired,master,15409,False
56,3939,381,retired,master,15522,False
40,1760,663,unemployed,doctorate,16446,True
25,2377,372,student,bachelor,6915,False
66,3754,626,student,master,7493,True
27,2697,795,student,master,13832,True
21,3428,495,student,master,1808,False
51,3401,526,student,master,7212,False
26,4077,403,employed,bachelor,14522,False
33,3682,811,student,master,4125,True
34,189,660,unemployed,master,14611,True
23,8014,557,employed,master,4276,False
46,4889,529,retired,doctorate,17505,False
22,3920,329,retired,master,17103,False
53,1218,821,student,high school,3465,False
33,1067,497,student,high school,16149,False
19,2247,648,retired,bachelor,15610,False
46,1602,329,retired,high school,13648,False
50,8834,792,employed,master,8204,True
31,2569,473,retired,bachelor,6949,False
24,1350,353,student,high school,1026,False
54,4799,831,retired,doctorate,19909,True
19,1016,584,student,high school,14582,False
45,498,799,unemployed,bachelor,14827,True
32,4220,785,student,doctorate,19650,True
65,2158,498,employed,high school,2899,False
39,2326,429,unemployed,doctorate,3803,False
37,1144,462,retired,high school,12421,False
62,2149,592,employed,high school,9867,False
21,2493,749,student,bachelor,16555,True
29,4094,578,student,doctorate,15562,False
30,1453,528,retired,high school,12483,False
57,3443,388,retired,master,8754,False
54,2666,595,student,master,9444,False
19,1182,384,unemployed,bachelor,4826,False
19,1455,551,student,high school,1938,False
59,1970,505,retired,high school,7248,False
42,5124,408,student,doctorate,19734,False
18,9763,505,employed,doctorate,6642,False
54,9306,688,employed,doctorate,15708,True
23,1569,333,retired,high school,11108,False
61,583,819,unemployed,doctorate,2781,False
53,1152,639,student,high school,17464,False
29,647,617,unemployed,bachelor,11128,False
43,5979,656,employed,bachelor,13804,True
45,7652,448,employed,master,18520,False
50,8727,798,employed,master,156,True
42,4417,687,retired,doctorate,10032,True
52,6891,640,employed,master,13204,False
43,8660,429,employed,master,10724,False
63,6061,427,employed,master,5408,False
31,3518,325,retired,master,19595,False
31,692,509,unemployed,doctorate,14690,False
59,400,365,unemployed,high school,8490,False
67,14125,492,employed,doctorate,3865,False
51,2232,545,unemployed,master,12779,False
24,4462,595,retired,doctorate,15827,False
37,1180,776,unemployed,master,16830,True
51,1010,561,student,high school,12347,False
69,8228,382,employed,master,13339,False
24,13,302,unemployed,doctorate,12161,False
48,5255,560,student,doctorate,12486,False
19,4432,565,retired,doctorate,16658,False
25,866,730,unemployed,bachelor,10085,True
44,127,663,unemployed,bachelor,2637,False
47,3823,519,student,master,12969,False
38,4121,698,student,doctorate,8233,True
66,3411,770,student,master,15800,True
51,10913,561,employed,doctorate,8086,False
52,3614,644,student,master,2432,True
67,4724,810,retired,doctorate,9823,True
31,4435,681,employed,bachelor,11620,True
47,4670,427,retired,doctorate,8717,False
65,1568,371,unemployed,master,14066,False
67,14835,831,employed,doctorate,9607,True
65,1289,397,student,high school,13075,False
31,3984,629,employed,bachelor,17467,False
21,3108,620,employed,bachelor,15491,False
65,2225,550,unemployed,doctorate,12291,False
31,1289,628,unemployed,bachelor,11942,False
40,3885,619,retired,master,15051,False
44,4808,334,student,doctorate,5156,False
21,2841,781,student,master,880,True
19,1297,594,retired,high school,8221,False
54,3471,466,student,master,15355,False
28,2921,473,student,master,639,False
31,4522,655,student,doctorate,13513,True
63,6133,410,employed,master,1751,False
58,4748,650,retired,doctorate,18279,True
50,5290,689,employed,bachelor,8437,True
33,1346,393,student,high school,8958,False
19,2710,621,retired,bachelor,10570,False
18,12433,627,employed,doctorate,11366,False
61,4994,849,student,doctorate,10587,True
54,329,474,unemployed,master,16236,False
44,400,832,unemployed,high school,17905,True
20,1421,844,unemployed,master,7962,True
36,1931,325,student,bachelor,16624,False
19,5906,367,employed,bachelor,2138,False
31,3471,577,retired,master,18997,False
61,9046,354,employed,doctorate,13624,False
60,4294,645,employed,bachelor,1175,False
40,1602,326,student,bachelor,8506,False
48,3570,715,employed,bachelor,15625,True
66,8918,376,employed,master,2992,False
38,9248,759,employed,doctorate,2193,True
60,2836,759,student,master,18648,True
48,1242,439,retired,high school,13792,False
26,2234,506,retired,bachelor,18545,False
58,4036,785,retired,doctorate,3995,False
65,702,727,unemployed,master,4194,False
37,616,787,unemployed,bachelor,642,False
18,1129,585,student,high school,1686,False
21,1811,677,student,bachelor,11543,True
22,3945,368,student,master,3060,False
68,2091,787,student,bachelor,17062,True
20,1848,549,student,bachelor,17585,False
66,2192,783,student,bachelor,2605,False
20,13438,676,employed,doctorate,10964,True
30,5627,524,student,doctorate,1180,False
50,2430,611,retired,bachelor,3964,False
68,4899,645,employed,bachelor,6887,False
67,317,454,unemployed,high school,18003,False
59,4453,361,retired,doctorate,7297,False
28,8616,832,employed,master,16983,True
68,3350,567,retired,master,4381,False
64,3043,539,retired,master,2053,False
44,2116,478,unemployed,master,17264,False
46,9515,520,employed,doctorate,10747,False
43,2495,500,retired,bachelor,15189,False
55,1672,349,student,bachelor,19406,False
63,2919,712,retired,bachelor,14840,True
31,1160,520,student,high school,12998,False
31,7019,667,employed,master,14106,True
21,1338,673,student,high school,4426,False
51,1962,334,unemployed,master,17888,False
37,1326,687,unemployed,master,5723,True
38,4360,774,student,doctorate,6619,True
49,3635,343,retired,master,11996,False
37,553,302,unemployed,bachelor,12058,False
28,4407,618,retired,doctorate,14000,False
64,2110,648,unemployed,doctorate,5200,False
60,3268,381,retired,master,3203,False
45,1107,548,student,high school,18832,False
48,2418,673,student,bachelor,10610,True
59,406,609,unemployed,high school,19658,False
42,418,389,unemployed,high school,11764,False
53,1266,329,unemployed,doctorate,1400,False
23,1224,514,unemployed,bachelor,4769,False
19,4675,576,retired,doctorate,1440,False
37,11278,697,employed,doctorate,16642,True
55,2608,554,retired,bachelor,13580,False
26,1199,758,student,high school,3160,False
51,2174,448,student,bachelor,5643,False
24,12406,571,employed,doctorate,7545,False
18,2895,354,employed,high school,16143,False
50,3807,337,retired,master,19785,False
56,2924,824,employed,high school,15242,True
61,3517,565,student,master,13454,False
60,1065,558,student,high school,4413,False
49,1276,417,student,high school,14443,False
43,14737,589,employed,doctorate,17704,False
49,2610,558,employed,high school,18260,False
38,2228,331,retired,bachelor,3204,False
38,5552,803,student,doctorate,10936,True
22,505,316,unemployed,master,3792,False
44,5928,552,student,doctorate,8822,False
61,4866,493,student,doctorate,1108,False
21,8616,787,employed,master,4298,True
50,312,804,unemployed,doctorate,1836,False
58,3371,734,student,master,12954,True
31,2854,488,retired,bachelor,3394,False
57,2471,650,retired,bachelor,16111,True
45,349,498,unemployed,bachelor,6140,False
20,1318,376,retired,high school,13833,False
64,170,747,unemployed,bachelor,2851,False
51,4800,681,retired,doctorate,19148,True
61,4791,511,retired,doctorate,4823,False
41,5885,528,employed,bachelor,19122,False
34,5439,697,employed,bachelor,6286,True
50,1282,563,unemployed,master,6862,False
57,4722,703,employed,bachelor,14942,True
30,4386,579,employed,bachelor,9429,False
44,4877,308,retired,doctorate,5327,False
54,756,762,unemployed,master,1759,False
53,6106,615,employed,master,2245,False
56,1339,575,unemployed,bachelor,6840,False
24,4956,489,employed,bachelor,18675,False
36,676,797,unemployed,high school,12632,True
47,3721,793,retired,master,14004,True
47,4144,784,retired,doctorate,427,False
69,3966,522,retired,master,17420,False
28,3765,688,retired,master,6820,True
24,2243,811,retired,bachelor,16568,True
58,11416,328,employed,doctorate,544,False
23,10152,536,employed,doctorate,9068,False
51,9801,521,employed,doctorate,16277,False
19,1087,521,student,high school,11611,False
25,7388,781,employed,master,6222,True
67,1629,355,unemployed,doctorate,17415,False
18,1507,303,retired,high school,11811,False
39,3354,602,employed,bachelor,10101,False
55,5862,777,student,doctorate,10967,True
31,3252,300,retired,master,5660,False
44,3557,495,student,master,8364,False
63,3042,836,student,master,6033,True
43,4955,798,student,doctorate,18079,True
55,5851,565,employed,bachelor,1302,False
52,320,570,unemployed,high school,9685,False
30,3075,653,retired,master,6988,True
36,3864,515,retired,master,532,False
28,2898,384,employed,high school,11048,False
20,2522,508,employed,high school,2478,False
32,2517,540,retired,bachelor,12501,False
59,13209,433,employed,doctorate,8433,False
40,3302,618,student,master,933,True
54,2382,762,unemployed,master,11,False
47,1513,822,unemployed,master,6988,True
30,5682,777,student,doctorate,3513,True
27,2883,379,student,master,3865,False
30,2205,480,retired,bachelor,2619,False
66,5725,624,student,doctorate,4102,True
52,2022,732,retired,bachelor,11631,True
21,10356,654,employed,doctorate,8475,True
24,1925,579,student,bachelor,11463,False
39,4498,640,employed,bachelor,1712,False
36,2565,825,employed,high school,18330,True
46,6747,394,employed,master,19462,False
26,1458,430,unemployed,bachelor,9505,False
59,2256,314,student,bachelor,1709,False
38,2177,592,unemployed,master,10497,False
32,853,849,unemployed,doctorate,9978,True
45,706,819,unemployed,high school,15279,True
42,122,627,unemployed,high school,2627,False
19,1828,788,unemployed,doctorate,7536,True
25,3760,353,retired,master,12741,False
66,11265,743,employed,doctorate,2188,True
53,3908,528,employed,bachelor,12888,False
32,1703,848,unemployed,master,17411,True
30,3222,654,employed,bachelor,17751,True
26,1269,437,student,high school,17910,False
32,2995,523,employed,high school,17650,False
41,463,698,unemployed,bachelor,19363,True
36,5530,584,student,doctorate,18,False
31,2110,361,retired,bachelor,13500,False
62,2483,508,retired,bachelor,15924,False
49,1218,814,retired,high school,8476,True
60,3710,532,retired,master,3062,False
54,984,565,unemployed,high school,3583,False
45,257,700,unemployed,master,2692,False
22,2339,335,student,bachelor,11077,False
32,2474,507,retired,bachelor,9819,False
47,1500,513,student,high school,9858,False
26,3189,732,retired,master,2752,False
65,2556,741,retired,bachelor,11291,True
24,8108,762,employed,master,18752,True
27,6489,331,employed,master,11126,False
58,1860,363,retired,high school,10155,False
27,3263,699,student,master,2056,True
20,1439,407,student,high school,2804,False
29,3820,763,retired,master,13034,True
21,975,612,unemployed,doctorate,3211,False
37,2433,401,retired,bachelor,5479,False
21,423,582,unemployed,doctorate,3602,False
54,1188,746,student,high school,6206,True
62,1196,677,unemployed,bachelor,14956,True
27,2358,537,retired,bachelor,8425,False
51,4306,504,employed,bachelor,11671,False
27,4110,593,student,doctorate,12291,False
39,2939,530,retired,bachelor,13645,False
30,1178,339,retired,high school,11590,False
22,2359,571,unemployed,doctorate,6212,False
44,5995,817,employed,bachelor,10280,True
44,1224,844,retired,high school,5359,True
39,13225,814,employed,doctorate,13848,True
49,2676,686,employed,high school,3367,True
59,3761,459,employed,bachelor,7382,False
48,4997,569,employed,bachelor,14914,False
66,2135,790,student,bachelor,2102,False
28,240,425,unemployed,high school,19896,False
61,176,774,unemployed,high school,12464,True
27,7628,832,employed,master,18563,True
26,4344,411,retired,doctorate,8240,False
46,2894,829,student,master,12163,True
24,2210,516,unemployed,master,11591,False
66,2578,420,employed,high school,616,False
52,103,576,unemployed,high school,10555,False
64,2670,759,retired,bachelor,6124,True
67,11628,675,employed,doctorate,12159,True
41,1445,484,unemployed,bachelor,3859,False
31,4086,316,retired,doctorate,4973,False
57,1896,353,student,bachelor,13866,False
54,880,631,unemployed,high school,5439,False
59,13048,610,employed,doctorate,4872,False
41,953,571,unemployed,master,1695,False
51,0,644,unemployed,bachelor,6369,False
47,5265,596,student,doctorate,8401,False
24,4488,404,employed,bachelor,363,False
43,3434,573,retired,master,19589,False
48,1940,756,retired,high school,1166,False
43,2249,468,student,bachelor,925,False
33,707,800,unemployed,bachelor,10249,True
50,1870,494,unemployed,doctorate,12164,False
51,3642,539,employed,bachelor,3841,False
19,7819,408,employed,master,13465,False
22,2698,775,student,master,10730,True
45,2470,759,employed,high school,19803,True
52,1027,796,student,high school,11840,True
65,1560,338,retired,high school,17124,False
29,3817,475,student,master,15855,False
25,1871,615,student,bachelor,1439,False
65,2427,366,unemployed,master,10009,False
23,1350,390,unemployed,bachelor,6762,False
54,1488,655,student,high school,41,False
25,2188,796,student,bachelor,8740,True
42,11410,503,employed,doctorate,4441,False
30,1065,729,unemployed,bachelor,12276,True
57,2032,718,unemployed,doctorate,14136,True
61,2441,358,employed,high school,6255,False
39,123,527,unemployed,high school,3175,False
65,1231,649,unemployed,doctorate,14648,False
45,3330,626,retired,master,825,False
28,1141,448,retired,high school,12804,False
45,1445,735,unemployed,bachelor,6800,True
46,3332,732,employed,bachelor,5835,True
26,10350,772,employed,doctorate,11241,True
46,4697,485,retired,doctorate,6611,False
33,7238,612,employed,master,16377,False
45,1520,538,student,bachelor,275,False
65,1756,429,retired,high school,13666,False
34,1182,534,student,high school,9153,False
52,3406,717,retired,master,13991,True
32,2337,655,student,bachelor,6427,True
69,2459,572,unemployed,doctorate,15162,False
51,4128,822,retired,doctorate,19710,True
45,1341,770,student,high school,11158,True
48,2086,301,retired,bachelor,14859,False
37,3163,322,retired,master,3578,False
21,4864,838,retired,doctorate,1769,False
38,2711,481,retired,bachelor,10487,False
57,1396,413,student,high school,6795,False
44,2577,740,student,master,14760,True
60,2215,336,student,bachelor,3102,False
30,3758,794,retired,master,4340,False
42,202,520,unemployed,doctorate,16367,False
33,8848,607,employed,master,10735,False
23,957,313,unemployed,bachelor,11110,False
31,1782,369,unemployed,master,12793,False
22,1268,548,student,high school,9798,False
45,4281,501,retired,doctorate,345,False
53,4898,797,retired,doctorate,2226,False
31,1453,606,unemployed,doctorate,19290,False
44,340,831,unemployed,high school,5495,True
58,1123,642,retired,high school,7018,False
64,2457,823,unemployed,doctorate,10081,True
30,1110,512,student,high school,4933,False
31,6029,630,employed,master,5134,False
53,274,656,unemployed,high school,7298,True
58,2374,834,unemployed,doctorate,19588,True
61,241,650,unemployed,high school,9717,True
24,4984,356,retired,doctorate,10664,False
63,2313,596,retired,bachelor,12411,False
45,4604,316,retired,doctorate,1411,False
21,5798,351,employed,bachelor,1125,False
41,2695,501,retired,bachelor,1228,False
40,8104,344,employed,master,9599,False
57,3811,432,retired,master,17204,False
69,2506,818,unemployed,doctorate,4021,False
34,5484,849,employed,bachelor,14317,True
39,665,516,unemployed,high school,5430,False
53,268,758,unemployed,bachelor,16900,True
33,1691,467,retired,high school,7824,False
39,606,680,unemployed,bachelor,2976,False
30,9467,626,employed,doctorate,2031,False
49,2045,361,employed,high school,9834,False
49,3228,436,retired,master,11774,False
54,365,616,unemployed,high school,3892,False
45,1158,418,student,high school,6625,False
59,1697,752,retired,high school,12449,True
35,115,680,unemployed,master,8122,True
45,93,538,unemployed,master,17097,False
41,4055,431,student,doctorate,4675,False
35,3451,466,retired,master,13397,False
33,9639,787,employed,doctorate,11861,True
27,5162,417,student,doctorate,2377,False
26,736,846,unemployed,bachelor,13386,True
45,1265,520,unemployed,bachelor,9701,False
23,1108,593,student,high school,4105,False
54,2258,696,employed,high school,4095,True
31,4328,833,retired,doctorate,1295,False
49,1860,343,retired,high school,16093,False
31,3551,432,retired,master,14358,False
44,2647,394,employed,high school,17387,False
58,2415,657,employed,high school,16383,True
59,102,341,unemployed,doctorate,16997,False
25,5222,826,student,doctorate,12108,True
25,3993,345,student,master,18445,False
60,2400,354,retired,bachelor,6607,False
63,703,619,unemployed,master,15161,False
44,500,332,unemployed,high school,523,False
67,1465,302,student,high school,6037,False
30,3575,667,retired,master,7501,True
60,224,357,unemployed,bachelor,14137,False
30,1532,726,student,bachelor,19301,True
65,86,603,unemployed,bachelor,19554,False
35,3130,627,retired,master,6025,False
49,9729,635,employed,doctorate,10800,False
65,3702,565,retired,master,3786,False
21,2460,762,retired,bachelor,6051,True
23,918,469,unemployed,doctorate,10189,False
36,3721,661,student,master,238,True
35,1058,771,unemployed,bachelor,15550,True
19,5771,434,employed,bachelor,9374,False
52,1767,409,retired,high school,7194,False
54,52,724,unemployed,bachelor,10604,True
46,469,726,unemployed,high school,3500,False
34,13506,401,employed,doctorate,13137,False
67,1798,532,retired,high school,13994,False
25,1149,672,unemployed,bachelor,833,False
47,123,685,unemployed,bachelor,316,False
24,2020,540,retired,bachelor,88,False
44,1172,525,student,high school,12240,False
23,563,704,unemployed,doctorate,18616,True
19,1507,551,unemployed,master,8031,False
67,2221,419,student,bachelor,15506,False
29,1300,369,student,high school,12849,False
55,5993,657,employed,bachelor,12549,True
19,927,629,unemployed,high school,1349,False
25,2975,763,retired,bachelor,10735,True
43,3573,847,retired,master,14502,True
20,4533,594,student,doctorate,17640,False
28,939,316,unemployed,bachelor,10215,False
29,4073,329,retired,doctorate,14854,False
29,765,759,unemployed,bachelor,9505,True
26,5989,471,student,doctorate,1897,False
58,1300,848,student,high school,16942,True
46,2247,386,student,bachelor,1526,False
59,1480,453,retired,high school,17809,False
41,6434,724,employed,master,9255,True
56,4563,575,retired,doctorate,10037,False
39,1068,613,unemployed,bachelor,6027,False
22,2081,800,employed,high school,12084,True
26,8580,324,employed,master,9509,False
32,1048,707,student,high school,19766,True
69,66,606,unemployed,high school,2172,False
52,1556,385,unemployed,master,13278,False
23,3543,414,student,master,3055,False
35,270,311,unemployed,bachelor,5402,False
40,4554,351,retired,doctorate,11270,False
68,2163,646,unemployed,master,13347,False
56,3763,357,student,master,13068,False
20,4903,772,student,doctorate,5985,True
43,10853,623,employed,doctorate,6708,False
43,4617,488,retired,doctorate,3258,False
36,2419,619,student,bachelor,19822,False
32,1053,688,unemployed,doctorate,4122,False
32,1989,666,retired,high school,12843,True
45,2489,317,retired,bachelor,10376,False
41,9914,719,employed,doctorate,17702,True
48,1750,777,retired,high school,4025,False
57,1221,841,student,high school,1608,False
64,386,323,unemployed,high school,17540,False
44,8224,786,employed,master,7551,True
68,4147,551,employed,bachelor,14960,False
38,1662,802,student,bachelor,16557,True
36,1562,795,retired,high school,18758,True
64,2428,536,student,bachelor,9295,False
18,1742,648,unemployed,master,10905,False
25,1632,758,student,bachelor,8468,True
50,3877,785,student,master,9011,True
63,1158,362,student,high school,10494,False
39,702,455,unemployed,high school,17719,False
22,1709,450,retired,high school,11302,False
25,5404,611,employed,bachelor,10637,False
19,2082,408,unemployed,master,17857,False
32,1491,726,unemployed,master,3170,False
49,13848,831,employed,doctorate,16453,True
25,363,431,unemployed,bachelor,9894,False
22,1835,792,retired,high school,4742,False
49,666,822,unemployed,bachelor,17590,True
30,7489,442,employed,master,18337,False
21,2987,397,retired,bachelor,6529,False
40,6013,335,employed,master,8720,False
52,4406,403,student,doctorate,149,False
33,8113,581,employed,master,14726,False
64,3602,807,retired,master,13061,True
32,1588,600,retired,high school,1915,False
43,798,392,unemployed,bachelor,18164,False
65,5764,502,student,doctorate,7303,False
36,5403,594,employed,bachelor,17486,False
41,1474,826,retired,high school,2761,False
56,1742,798,unemployed,master,12598,True
31,4557,301,employed,bachelor,7292,False
67,1210,721,unemployed,master,707,False
40,4265,420,student,doctorate,4733,False
18,2012,516,unemployed,doctorate,9292,False
54,4527,508,employed,bachelor,2551,False
40,750,472,unemployed,high school,10923,False
53,12554,697,employed,doctorate,16749,True
69,11766,508,employed,doctorate,13855,False
36,3907,407,retired,master,5236,False
54,4594,399,retired,doctorate,8567,False
64,4705,353,retired,doctorate,2432,False
32,160,639,unemployed,high school,11834,False
60,2114,547,retired,bachelor,828,False
47,2028,710,employed,high school,10174,True
67,1087,386,unemployed,bachelor,16229,False
64,1460,652,student,high school,7718,True
44,4145,665,employed,bachelor,16576,True
68,4076,622,employed,bachelor,16016,False
32,6193,722,employed,master,14048,True
33,8618,652,employed,master,1595,True
20,866,669,unemployed,high school,16422,True
55,2667,446,retired,bachelor,7630,False
28,2072,711,employed,high school,3257,True
24,2699,426,employed,high school,560,False
37,3265,813,student,master,4020,True
19,4190,650,retired,doctorate,19613,True
31,3104,631,retired,master,1156,False
49,4951,364,retired,doctorate,15129,False
47,3345,640,student,master,2115,True
68,2864,545,retired,bachelor,17156,False
47,1306,842,student,high school,19564,True
68,3623,403,retired,master,3537,False
49,2624,523,employed,high school,16651,False
52,3217,649,retired,master,5818,False
34,8126,719,employed,master,19473,True
52,2408,717,employed,high school,1768,True
69,2841,339,retired,bachelor,15920,False
35,781,718,unemployed,master,9002,True
25,2661,389,student,master,13665,False
47,2499,562,student,bachelor,16808,False
29,929,636,unemployed,high school,2615,False
26,2640,608,retired,bachelor,1370,False
46,1002,352,student,high school,19119,False
68,1119,330,student,high school,6903,False
31,2327,567,retired,bachelor,10927,False
59,1479,653,unemployed,master,2330,False
38,1265,724,unemployed,bachelor,13754,True
56,1506,600,retired,high school,8763,False
23,1720,340,retired,high school,17319,False
48,5222,773,student,doctorate,14738,True
49,2465,768,employed,high school,13741,True
47,619,485,unemployed,bachelor,6195,False
22,256,312,unemployed,high school,5915,False
52,2626,488,employed,high school,11645,False
42,5798,404,student,doctorate,13307,False
51,2130,492,employed,high school,1521,False
21,2609,430,employed,high school,6497,False
61,1720,653,student,bachelor,16798,True
56,11688,477,employed,doctorate,15936,False
24,4265,710,retired,doctorate,164,False
48,2843,552,retired,bachelor,13598,False
50,2597,583,employed,high school,15767,False
68,4352,512,retired,doctorate,6215,False
62,5682,487,employed,bachelor,13857,False
54,973,562,unemployed,bachelor,8580,False
27,2812,419,employed,high school,17689,False
62,2908,707,student,master,3831,True
28,189,670,unemployed,bachelor,14233,True
19,5870,348,employed,bachelor,4873,False
30,1727,808,unemployed,master,11315,True
55,2730,763,unemployed,doctorate,18769,True
67,1427,796,student,high school,14363,True
62,6266,420,employed,master,5716,False
18,3325,750,employed,bachelor,7377,True
42,1499,470,student,high school,7903,False
19,5175,417,student,doctorate,9441,False
56,6513,815,employed,master,16012,True
63,3774,663,retired,master,2527,False
69,781,673,unemployed,high school,7383,True
59,3586,491,student,master,10422,False
24,1392,361,student,high school,7606,False
63,1978,619,retired,high school,7739,False
58,1327,303,student,high school,4692,False
62,2494,430,unemployed,master,11578,False
57,5402,610,employed,bachelor,1588,False
27,5455,552,student,doctorate,5191,False
56,50,535,unemployed,bachelor,1404,False
55,2579,466,retired,bachelor,13379,False
47,3176,639,retired,master,17146,False
28,2373,508,unemployed,master,7229,False
33,13135,319,employed,doctorate,16575,False
53,4560,308,employed,bachelor,1005,False
43,3844,850,employed,bachelor,248,True
42,2772,730,retired,bachelor,12771,True
63,588,767,unemployed,master,14444,True
37,1032,323,unemployed,master,5005,False
41,2390,765,employed,high school,998,True
35,3831,320,retired,master,18680,False
34,383,361,unemployed,doctorate,11747,False
23,1035,529,unemployed,bachelor,17128,False
22,6243,812,employed,master,13666,True
40,180,490,unemployed,high school,1987,False
22,5286,331,employed,bachelor,10167,False
31,2037,652,retired,bachelor,9379,True
28,2861,770,employed,high school,13400,True
39,5032,437,student,doctorate,11977,False
38,4690,800,retired,doctorate,13105,True
64,4538,323,retired,doctorate,17009,False
45,1755,678,student,bachelor,16043,True
54,3404,592,retired,master,18037,False
56,2225,599,student,bachelor,4236,False
22,4446,668,retired,doctorate,6393,True
63,475,525,unemployed,master,6254,False
40,5002,790,student,doctorate,8116,True
68,1980,841,retired,high school,19894,True
30,4603,422,student,doctorate,9554,False
41,5176,834,student,doctorate,1714,True
18,4263,601,retired,doctorate,7487,False
58,14950,444,employed,doctorate,811,False
68,4308,784,retired,doctorate,1582,False
23,1389,448,student,high school,7989,False
47,3669,342,student,master,7152,False
45,3405,697,student,master,7919,True
30,3843,451,retired,master,7379,False
24,1351,518,retired,high school,3935,False
57,1591,483,unemployed,master,4769,False
36,4467,667,student,doctorate,9421,True
33,1657,643,student,bachelor,16949,False
41,2359,635,student,bachelor,10659,False
34,89,565,unemployed,bachelor,15428,False
19,2766,398,unemployed,doctorate,15504,False
69,5462,501,student,doctorate,6159,False
25,1419,698,unemployed,master,15487,True
36,1006,404,retired,high school,4689,False
61,7283,592,employed,master,11726,False
66,13081,737,employed,doctorate,17745,True
24,3097,670,retired,master,9604,True
42,13898,418,employed,doctorate,650,False
43,140,415,unemployed,bachelor,3454,False
28,943,556,unemployed,high school,3520,False
46,2252,812,retired,bachelor,7279,True
58,3547,736,retired,master,8883,True
50,7148,699,employed,master,3032,True
32,1575,580,student,bachelor,14895,False
27,3362,448,retired,master,2168,False
38,2155,789,unemployed,master,1115,False
52,3424,849,student,master,7640,True
50,2471,488,student,bachelor,15385,False
66,1375,822,student,high school,10300,True
62,5131,803,employed,bachelor,4921,True
67,2878,523,employed,high school,16122,False
66,1552,635,student,bachelor,5010,False
61,4390,743,retired,doctorate,10206,True
66,8,368,unemployed,high school,1938,False
40,3193,323,retired,master,12363,False
53,13354,596,employed,doctorate,13362,False
41,6958,680,employed,master,12702,True
26,3541,807,employed,bachelor,14785,True
61,4059,390,student,doctorate,15891,False
32,1961,580,unemployed,master,1130,False
30,3019,616,retired,master,9485,False
51,3065,462,retired,master,9394,False
46,3476,640,retired,master,10731,False
32,422,432,unemployed,high school,14661,False
42,2644,668,employed,high school,5886,True
44,5649,771,student,doctorate,1669,True
23,2928,811,employed,high school,6316,True
30,3302,397,employed,bachelor,19472,False
41,2087,499,employed,high school,10251,False
59,6286,562,employed,master,10104,False
65,1315,417,student,high school,15926,False
65,3897,531,employed,bachelor,13051,False
18,190,453,unemployed,high school,11796,False
51,1493,817,unemployed,bachelor,9050,True
25,2433,620,unemployed,doctorate,12536,False
65,13790,447,employed,doctorate,675,False
35,1514,848,retired,high school,18725,True
43,1398,640,retired,high school,4554,False
67,855,377,unemployed,high school,13066,False
21,3516,487,student,master,10324,False
68,850,486,unemployed,high school,19325,False
55,8131,485,employed,master,1938,False
69,5335,570,student,doctorate,17883,False
48,2981,689,retired,bachelor,6499,True
67,650,434,unemployed,high school,7746,False
21,3419,681,retired,master,8924,True
59,4199,465,retired,doctorate,6401,False
63,3333,803,student,master,1220,True
52,1156,788,unemployed,master,12549,True
56,14315,802,employed,doctorate,9483,True
56,3211,625,retired,master,13718,False
50,2416,736,student,bachelor,4696,False
20,549,710,unemployed,high school,17395,True
51,2717,716,retired,bachelor,5702,True
39,1298,795,student,high school,15817,True
37,3497,333,employed,bachelor,9394,False
65,3279,636,retired,master,783,False
44,519,420,unemployed,high school,2864,False
30,3453,325,retired,master,128,False
25,13966,452,employed,doctorate,14668,False
33,4440,721,employed,bachelor,784,True
53,4081,385,retired,doctorate,13914,False
27,2180,571,retired,bachelor,13254,False
56,1201,690,unemployed,master,14038,True
66,6472,847,employed,master,15646,True
56,530,320,unemployed,bachelor,3655,False
56,4786,604,retired,doctorate,17090,False
19,3387,599,retired,master,16414,False
50,3150,704,retired,master,15934,True
26,5714,487,employed,bachelor,14241,False
57,1438,621,student,high school,19252,False
20,2827,645,employed,high school,17409,False
45,2127,624,employed,high school,299,False
41,3494,330,retired,master,12209,False
57,5556,546,employed,bachelor,14800,False
44,1577,376,retired,high school,15331,False
45,3650,350,retired,master,9549,False
26,2360,708,employed,high school,8510,True
53,1405,344,unemployed,bachelor,819,False
68,12030,300,employed,doctorate,9672,False
24,671,763,unemployed,high school,5077,True
51,1747,516,student,bachelor,7566,False
52,1757,409,student,bachelor,284,False
62,1672,826,student,bachelor,13815,True
56,4890,810,employed,bachelor,15503,True
31,183,765,unemployed,high school,16647,True
48,4433,366,student,doctorate,3337,False
43,4205,399,retired,doctorate,4693,False
49,4743,386,retired,doctorate,17456,False
27,4652,374,employed,bachelor,1820,False
31,4613,630,retired,doctorate,13511,False
67,4759,457,retired,doctorate,12067,False
35,2669,787,retired,bachelor,15918,True
68,2461,633,employed,high school,10737,False
28,1502,568,student,bachelor,11332,False
38,14369,747,employed,doctorate,5321,True
48,1903,764,student,bachelor,3928,False
36,2445,728,student,bachelor,10483,True
64,4359,352,retired,doctorate,17352,False
25,2347,568,student,bachelor,3869,False
27,2232,732,unemployed,master,16943,True
39,1057,309,student,high school,6608,False
69,1015,693,student,high school,1337,False
28,1416,696,student,high school,7648,True
27,4856,817,student,doctorate,13175,True
27,7906,639,employed,master,6547,False
24,5606,491,employed,bachelor,12258,False
30,1630,760,student,bachelor,17524,True
63,1406,370,unemployed,master,1628,False
68,802,807,unemployed,high school,14941,True
48,2299,606,retired,bachelor,7045,False
41,238,759,unemployed,bachelor,333,False
48,2294,791,student,bachelor,19541,True
61,5660,798,employed,bachelor,9944,True
43,4248,518,employed,bachelor,5172,False
37,4148,663,retired,doctorate,11750,True
64,1822,536,retired,high school,14080,False
43,4734,502,retired,doctorate,6814,False
27,122,574,unemployed,high school,4650,False
42,2636,309,student,master,13709,False
25,69,769,unemployed,bachelor,13187,True
19,2202,734,student,bachelor,19235,True
34,3764,628,student,master,4456,True
23,2638,435,employed,high school,15786,False
18,2493,569,retired,bachelor,7595,False
33,2979,459,employed,high school,8277,False
62,5660,544,employed,bachelor,4017,False
49,2334,602,retired,bachelor,10679,False
39,5846,733,employed,bachelor,14840,True
56,6616,478,employed,master,18098,False
45,1086,585,retired,high school,17774,False
23,3650,414,retired,master,4018,False
59,1296,771,unemployed,bachelor,19898,True
38,1135,593,unemployed,doctorate,11242,False
20,3367,304,retired,master,6149,False
18,3832,697,student,master,432,True
27,1402,700,unemployed,bachelor,11013,True
22,2060,675,retired,bachelor,10398,True
29,7756,313,employed,master,5410,False
21,2916,814,unemployed,doctorate,19783,True
62,5529,373,student,doctorate,17933,False
40,1432,491,unemployed,doctorate,9192,False
63,4414,508,retired,doctorate,6960,False
33,14705,839,employed,doctorate,10409,True
51,9658,771,employed,doctorate,10261,True
19,2923,820,student,master,18167,True
68,3395,732,employed,bachelor,1431,True
69,4870,556,retired,doctorate,4474,False
28,2346,823,retired,bachelor,11696,True
54,1191,827,unemployed,master,18428,True
68,5400,783,student,doctorate,9650,True
25,2639,474,retired,bachelor,17465,False
42,2582,705,unemployed,doctorate,14004,True
64,590,816,unemployed,bachelor,11115,True
52,3465,695,retired,master,15800,True
63,2598,309,employed,high school,18941,False
30,445,589,unemployed,master,13476,False
69,4116,744,retired,doctorate,16712,True
51,4824,493,employed,bachelor,5729,False
31,732,480,unemployed,doctorate,19555,False
31,654,782,unemployed,high school,14250,True
33,1729,559,unemployed,master,13020,False
54,12735,302,employed,doctorate,13238,False
56,5877,819,employed,bachelor,19752,True
66,1615,384,unemployed,doctorate,15305,False
52,7294,334,employed,master,1667,False
28,2478,380,employed,high school,9699,False
58,3784,573,retired,master,666,False
31,609,506,unemployed,bachelor,18462,False
43,4962,604,student,doctorate,16712,True
64,1158,850,unemployed,master,3682,False
65,3146,570,retired,master,15672,False
45,878,712,unemployed,master,244,False
28,2957,486,retired,bachelor,14476,False
21,169,815,unemployed,high school,11779,True
39,3729,786,retired,master,17249,True
62,2045,637,unemployed,master,16866,False
38,3380,349,retired,master,12183,False
31,13575,726,employed,doctorate,12496,True
33,3839,715,retired,master,13647,True
58,10948,547,employed,doctorate,10165,False
61,2652,772,unemployed,doctorate,16488,True
56,5482,817,employed,bachelor,6636,True
24,1876,514,student,bachelor,13908,False
34,2923,538,employed,high school,18660,False
58,2032,305,student,bachelor,11423,False
46,758,445,unemployed,master,14198,False
30,1157,389,unemployed,bachelor,9041,False
62,842,478,unemployed,high school,16028,False
61,1956,822,unemployed,master,18084,True
67,2235,831,student,bachelor,1110,False
39,2442,433,retired,bachelor,17311,False
66,13823,753,employed,doctorate,18839,True
58,3161,792,student,master,9825,True
33,393,496,unemployed,high school,16137,False
44,684,751,unemployed,high school,8241,True
56,4953,504,retired,doctorate,5432,False
43,1750,690,student,bachelor,13767,True
48,211,437,unemployed,master,9634,False
49,921,534,unemployed,high school,13053,False
53,4649,589,retired,doctorate,11120,False
61,4848,822,retired,doctorate,16154,True
53,8406,708,employed,master,2850,True
54,2908,803,retired,bachelor,19909,True
29,1126,729,student,high school,7122,True
23,2313,546,employed,high school,5097,False
35,3058,723,student,master,12436,True
38,3931,566,student,master,16293,False
41,1436,773,student,high school,3024,False
63,1454,776,retired,high school,1852,False
19,5356,386,student,doctorate,9338,False
42,1667,593,unemployed,doctorate,9310,False
24,8587,780,employed,master,4693,True
19,5297,754,student,doctorate,19104,True
59,4984,783,retired,doctorate,9963,True
67,815,783,unemployed,high school,19943,True
38,2684,326,retired,bachelor,4533,False
18,248,782,unemployed,master,6749,True
49,4393,585,student,doctorate,17170,False
47,2921,314,unemployed,doctorate,6373,False
45,8736,655,employed,master,13343,True
53,254,836,unemployed,doctorate,407,False
32,13813,639,employed,doctorate,309,False
19,264,796,unemployed,high school,17616,True
55,2059,744,retired,bachelor,11659,True
34,1917,449,student,bachelor,2867,False
44,18,658,unemployed,doctorate,13272,True
40,3614,747,student,master,16026,True
40,1213,626,retired,high school,5145,False
22,7277,770,employed,master,6505,True
44,2129,721,retired,bachelor,6511,True
64,1736,641,retired,high school,6850,False
22,446,850,unemployed,master,5631,True
24,2241,648,employed,high school,146,False
24,5769,533,student,doctorate,8874,False
49,14498,755,employed,doctorate,7174,True
18,308,464,unemployed,high school,8543,False
52,12137,721,employed,doctorate,16636,True
40,4637,666,retired,doctorate,15598,True
40,4896,847,retired,doctorate,831,False
49,400,782,unemployed,bachelor,2358,False
64,173,545,unemployed,master,19438,False
25,221,758,unemployed,bachelor,15533,True
23,1511,707,unemployed,doctorate,8699,True
67,1745,751,retired,high school,2030,False
27,5606,728,employed,bachelor,472,True
34,359,756,unemployed,high school,847,False
39,4896,308,retired,doctorate,15884,False
26,4186,824,retired,doctorate,4344,False
57,1398,570,student,high school,18029,False
68,1937,655,student,bachelor,15424,True
22,528,588,unemployed,high school,14919,False
60,1743,715,retired,high school,9645,True
41,3488,329,retired,master,16960,False
49,2837,349,student,master,11760,False
21,3321,598,employed,bachelor,17395,False
44,5105,371,student,doctorate,18228,False
68,5022,700,student,doctorate,16432,True
50,4032,305,retired,doctorate,5984,False
52,1211,652,unemployed,master,8592,True
36,4235,782,retired,doctorate,10950,True
37,1318,498,retired,high school,19801,False
60,14250,359,employed,doctorate,11461,False
60,4123,757,employed,bachelor,17403,True
46,7318,348,employed,master,19121,False
66,926,583,unemployed,doctorate,19254,False
52,2437,512,unemployed,doctorate,1538,False
52,4279,509,retired,doctorate,13709,False
51,854,703,unemployed,bachelor,3701,False
31,4371,395,employed,bachelor,2204,False
50,3488,679,student,master,8253,True
55,3616,790,retired,master,291,False
63,4145,661,retired,doctorate,10534,True
34,4713,806,employed,bachelor,4574,True
53,61,813,unemployed,master,15144,True
49,1179,755,unemployed,master,2383,False
32,2892,626,unemployed,doctorate,1041,False
61,2342,771,employed,high school,6955,True
58,1632,598,student,bachelor,3758,False
25,3094,323,student,master,9751,False
65,770,813,unemployed,bachelor,258,False
57,6564,427,employed,master,2541,False
23,925,614,unemployed,high school,7097,False
44,3772,841,retired,master,720,False
41,484,753,unemployed,bachelor,10350,True
40,3593,498,employed,bachelor,11747,False
64,1568,700,retired,high school,17607,True
39,1317,676,student,high school,4808,False
42,7454,420,employed,master,14214,False
37,12523,749,employed,doctorate,18921,True
48,5333,687,student,doctorate,13058,True
65,678,395,unemployed,high school,9296,False
24,2184,428,student,bachelor,3463,False
35,5468,311,student,doctorate,15268,False
20,2091,607,retired,bachelor,11119,False
22,7,568,unemployed,bachelor,10281,False
23,2322,492,student,bachelor,19901,False
52,4034,389,retired,doctorate,17176,False
42,2751,791,employed,high school,8191,True
34,2434,584,retired,bachelor,13474,False
41,1150,453,unemployed,master,8356,False
27,2538,384,retired,bachelor,9372,False
29,398,403,unemployed,master,13554,False
34,8471,646,employed,master,5010,False
33,2170,624,student,bachelor,4582,False
58,5444,353,employed,bachelor,2885,False
68,1339,324,student,high school,13458,False
51,1097,756,retired,high school,13402,True
35,3230,466,student,master,14794,False
37,1750,736,student,bachelor,12851,True
39,8271,689,employed,master,3431,True
69,950,513,unemployed,master,8339,False
28,1164,522,unemployed,bachelor,10499,False
58,3553,718,retired,master,18620,True
62,3135,582,employed,bachelor,10259,False
39,2301,493,student,bachelor,5662,False
32,6548,814,employed,master,1456,True
29,5780,652,employed,bachelor,5320,True
61,2070,482,employed,high school,19209,False
57,5241,666,student,doctorate,17244,True
28,3491,800,retired,master,12285,True
54,5347,633,employed,bachelor,388,False
66,5832,732,employed,bachelor,17441,True
44,2417,409,student,bachelor,2644,False
35,1459,754,retired,high school,17980,True
54,2365,309,employed,high school,31,False
45,1759,823,student,bachelor,14680,True
18,6192,402,employed,master,2348,False
34,2887,780,retired,bachelor,1088,False
56,4735,566,retired,doctorate,8731,False
56,2497,528,unemployed,master,19776,False
31,7213,546,employed,master,17028,False
46,3272,780,student,master,6032,True
25,1061,381,student,high school,1612,False
21,2976,735,student,master,3862,True
33,4387,811,student,doctorate,2903,True
24,1938,611,retired,high school,12687,False
36,2407,605,student,bachelor,18498,False
21,5545,572,student,doctorate,5371,False
42,3713,755,retired,master,18079,True
22,1764,604,student,bachelor,4517,False
20,3782,677,student,master,19561,True
39,14197,594,employed,doctorate,10265,False
44,2850,401,employed,high school,16132,False
29,4152,802,retired,doctorate,6155,True
35,1362,745,retired,high school,17890,True
37,3781,342,student,master,12488,False
69,8879,367,employed,master,9932,False
34,374,345,unemployed,high school,18885,False
37,8966,464,employed,master,5310,False
58,3202,813,retired,master,2839,False
38,5587,398,employed,bachelor,17612,False
36,4782,389,retired,doctorate,2740,False
45,5458,546,employed,bachelor,10059,False
46,2435,401,retired,bachelor,1442,False
61,1339,790,student,high school,150,False
21,14664,668,employed,doctorate,16276,True
24,6817,758,employed,master,5140,True
29,2595,398,employed,high school,6175,False
30,1547,497,retired,high school,2005,False
52,7108,386,employed,master,19479,False
19,1407,663,student,high school,495,False
44,339,495,unemployed,master,899,False
42,1314,317,student,high school,2535,False
27,1480,708,unemployed,master,2686,False
64,13867,669,employed,doctorate,17863,True
57,2440,807,student,bachelor,12465,True
33,2093,793,retired,bachelor,8517,True
47,82,555,unemployed,bachelor,11698,False
18,4484,490,retired,doctorate,9735,False
40,4799,798,employed,bachelor,16151,True
63,2105,419,employed,high school,7349,False
18,4021,630,employed,bachelor,18682,False
30,3615,357,employed,bachelor,15990,False
63,2585,442,employed,high school,6166,False
44,2251,648,unemployed,master,6843,False
59,1426,678,unemployed,master,15834,True
21,2986,741,retired,bachelor,6634,True
52,2131,778,employed,high school,15892,True
31,2562,401,employed,high school,4297,False
46,2136,416,retired,bachelor,10943,False
36,4256,814,retired,doctorate,19862,True
25,7315,340,employed,master,7517,False
32,3745,792,employed,bachelor,13759,True
40,3193,350,student,master,4347,False
27,5501,659,student,doctorate,3573,True
50,2789,362,retired,bachelor,9163,False
59,3655,817,retired,master,17626,True
61,2881,816,employed,high school,13903,True
26,5488,312,employed,bachelor,9650,False
20,2672,305,retired,bachelor,8051,False
69,1371,341,student,high school,12085,False
65,2180,769,unemployed,master,4751,False
32,4971,734,retired,doctorate,8974,True
49,4148,760,retired,doctorate,13430,True
38,2959,641,unemployed,doctorate,19812,False
64,2269,575,employed,high school,4692,False
64,2031,847,unemployed,master,15396,True
18,792,687,unemployed,high school,1226,False
29,4673,571,student,doctorate,14177,False
25,2885,776,employed,high school,2318,True
36,3390,458,student,master,6861,False
45,4265,650,retired,doctorate,4197,False
24,561,473,unemployed,bachelor,19631,False
32,1233,388,unemployed,doctorate,14741,False
23,1121,456,unemployed,bachelor,14204,False
45,2850,481,employed,high school,4678,False
31,193,329,unemployed,bachelor,13439,False
26,2469,763,student,bachelor,133,False
63,3279,402,retired,master,7068,False
69,4943,745,employed,bachelor,11636,True
26,2645,788,unemployed,doctorate,8502,True
28,5576,533,employed,bachelor,1821,False
44,3215,671,employed,bachelor,5591,True
59,4690,554,student,doctorate,9092,False
40,2334,432,retired,bachelor,19374,False
44,7996,367,employed,master,3348,False
21,2209,561,employed,high school,9357,False
54,1373,607,student,high school,18826,False
36,2613,790,employed,high school,16920,True
63,5709,308,student,doctorate,10708,False
37,1191,326,unemployed,master,11141,False
65,6827,809,employed,master,6514,True
43,1521,580,retired,high school,18853,False
67,2415,721,employed,high school,6638,True
43,5912,331,employed,bachelor,12336,False
23,6107,602,employed,master,2767,False
41,3001,539,student,master,3063,False
67,1746,505,student,bachelor,8419,False
21,12791,338,employed,doctorate,1001,False
32,4472,659,retired,doctorate,5205,True
52,2217,442,student,bachelor,5059,False
59,1831,667,retired,high school,15924,True
24,5163,621,student,doctorate,10792,True
21,1530,748,unemployed,doctorate,2583,False
24,4292,818,employed,bachelor,2953,True
37,161,704,unemployed,master,16252,True
67,12621,668,employed,doctorate,1586,True
42,4575,743,retired,doctorate,9222,True
52,1287,511,unemployed,master,13480,False
41,3226,462,employed,bachelor,13757,False
32,4895,402,retired,doctorate,4899,False
26,2819,544,retired,bachelor,7555,False
62,3970,478,student,master,1995,False
43,2553,684,student,master,15763,True
47,2221,821,student,bachelor,17505,True
26,3169,815,student,master,18599,True
45,4549,655,student,doctorate,18507,True
41,4156,789,retired,doctorate,13443,True
21,519,566,unemployed,bachelor,11120,False
64,6896,842,employed,master,13899,True
50,682,671,unemployed,doctorate,7802,True
41,298,448,unemployed,doctorate,10307,False
30,13497,835,employed,doctorate,3115,True
23,2874,412,retired,bachelor,9212,False
38,3626,655,student,master,6820,True
38,973,497,unemployed,bachelor,12039,False
30,667,584,unemployed,bachelor,16705,False
67,3806,431,retired,master,11695,False
21,2183,528,student,bachelor,14937,False
18,1401,646,student,high school,18694,False
58,2833,757,retired,bachelor,18333,True
54,836,449,unemployed,high school,12820,False
18,12880,843,employed,doctorate,10762,True
39,2406,625,retired,bachelor,7003,False
51,2933,412,unemployed,doctorate,3958,False
65,2558,797,student,master,10672,True
19,5575,435,student,doctorate,7678,False
29,2025,441,student,bachelor,10169,False
48,2296,738,unemployed,master,8630,True
62,2134,525,retired,bachelor,6748,False
30,1047,345,student,high school,2839,False
63,1416,355,retired,high school,3725,False
53,2363,564,student,bachelor,15837,False
36,8858,366,employed,master,18895,False
48,3259,319,employed,bachelor,8672,False
49,3735,427,retired,master,14960,False
53,1737,812,retired,high school,3543,False
34,1495,673,student,high school,14049,True
66,12411,623,employed,doctorate,11502,False
67,2053,552,retired,bachelor,14000,False
65,198,794,unemployed,doctorate,18272,True
37,2379,712,student,bachelor,5946,True
36,5219,781,student,doctorate,14415,True
35,2976,568,student,master,9702,False
59,4097,771,student,doctorate,12616,True
31,4691,643,retired,doctorate,13770,False
64,5723,445,student,doctorate,9067,False
30,2241,333,student,bachelor,12972,False
65,8615,447,employed,master,6291,False
31,2459,769,retired,bachelor,15868,True
44,2387,428,student,bachelor,14905,False
51,5134,496,employed,bachelor,5051,False
46,4842,788,retired,doctorate,12309,True
38,3168,439,employed,bachelor,18952,False
64,2073,647,employed,high school,16901,False
19,2445,726,unemployed,doctorate,12794,True
48,1267,760,student,high school,11385,True
34,1236,604,student,high school,466,False
31,1726,484,student,bachelor,2185,False
56,9216,656,employed,doctorate,16011,True
48,1976,596,retired,high school,6487,False
41,4355,589,retired,doctorate,14340,False
19,265,362,unemployed,master,1651,False
63,3645,735,employed,bachelor,5350,True
57,1243,418,student,high school,12643,False
19,2554,567,retired,bachelor,4602,False
32,77,768,unemployed,master,11701,True
58,3261,464,student,master,4656,False
23,207,801,unemployed,bachelor,2989,False
25,8354,559,employed,master,5118,False
51,1351,344,unemployed,master,18117,False
64,2640,360,retired,bachelor,16096,False
45,4005,400,retired,doctorate,5280,False
34,6460,602,employed,master,14526,False
60,414,627,unemployed,bachelor,7970,False
56,4168,784,retired,doctorate,4543,False
19,5287,789,employed,bachelor,8326,True
39,1374,367,unemployed,doctorate,5170,False
20,4399,649,employed,bachelor,7596,False
63,1947,821,retired,high school,11325,True
34,3735,526,retired,master,895,False
63,4955,518,employed,bachelor,14296,False
48,3671,841,student,master,10137,True
62,3810,551,retired,master,15652,False
37,5375,517,student,doctorate,15215,False
38,1512,483,retired,high school,14695,False
66,4535,442,student,doctorate,16029,False
27,0,697,unemployed,high school,5338,True
63,2475,637,retired,bachelor,5027,False
49,835,610,unemployed,high school,12212,False
39,2959,414,student,master,18752,False
68,13818,494,employed,doctorate,16125,False
42,2597,342,employed,high school,231,False
49,2585,419,retired,bachelor,2527,False
66,827,649,unemployed,high school,7443,False
52,591,546,unemployed,bachelor,6170,False
29,634,826,unemployed,bachelor,5303,True
48,6384,440,employed,master,16622,False
42,2444,617,unemployed,doctorate,11259,False
19,9149,547,employed,doctorate,17926,False
22,1088,373,retired,high school,7634,False
38,3039,747,retired,master,6687,True
40,1981,666,retired,high school,13081,True
57,102,659,unemployed,high school,9108,True
47,1671,493,retired,high school,5033,False
53,773,434,unemployed,bachelor,7513,False
60,2854,609,employed,high school,17488,False
43,1533,604,student,bachelor,2141,False
24,154,605,unemployed,doctorate,5374,False
60,3481,672,retired,master,4459,False
30,3631,739,student,master,4574,True
56,703,394,unemployed,doctorate,17441,False
53,4311,827,retired,doctorate,12147,True
57,1096,629,retired,high school,19756,False
19,120,400,unemployed,high school,11419,False
24,382,386,unemployed,bachelor,19106,False
51,1704,626,retired,high school,13939,False
62,2987,317,retired,bachelor,15875,False
23,9541,525,employed,doctorate,8454,False
18,4618,393,retired,doctorate,1556,False
29,1883,492,student,bachelor,17807,False
50,12122,417,employed,doctorate,7598,False
32,3029,722,student,master,1015,True
26,2518,546,employed,high school,3146,False
37,458,720,unemployed,bachelor,2524,False
29,2431,634,retired,bachelor,1440,False
26,2038,500,unemployed,master,12356,False
50,2058,579,retired,bachelor,17173,False
61,4407,687,student,doctorate,16833,True
46,5108,406,employed,bachelor,15206,False
27,4109,344,retired,doctorate,6479,False
62,2904,531,student,master,10764,False
61,7111,605,employed,master,17354,False
38,5737,347,student,doctorate,7709,False
52,1443,773,retired,high school,2327,False
33,4105,750,retired,doctorate,5149,True
40,4321,743,student,doctorate,18720,True
51,919,470,unemployed,master,7114,False
57,12779,492,employed,doctorate,4074,False
18,2892,398,student,master,10435,False
36,1636,462,unemployed,master,5218,False
69,4830,501,retired,doctorate,18747,False
18,1398,734,retired,high school,10896,True
38,839,732,unemployed,master,3675,False
68,6283,391,employed,master,1639,False
69,2650,616,unemployed,doctorate,16616,False
23,4504,717,retired,doctorate,4462,False
23,1192,451,student,high school,13634,False
24,4097,578,retired,doctorate,10001,False
47,1455,406,unemployed,bachelor,19929,False
24,1870,645,retired,high school,9346,False
43,2184,497,student,bachelor,11578,False
44,4740,724,retired,doctorate,13736,True
58,4147,685,retired,doctorate,11083,True
63,2462,723,retired,bachelor,5215,True
44,3936,846,retired,master,11409,True
49,1038,355,retired,high school,503,False
53,3092,313,retired,master,7969,False
49,2803,565,unemployed,doctorate,1380,False
47,503,579,unemployed,master,2636,False
68,5882,513,employed,bachelor,6161,False
49,1272,797,student,high school,423,False
58,4183,587,retired,doctorate,12838,False
64,586,778,unemployed,high school,4876,False
26,9048,458,employed,doctorate,14338,False
56,2663,311,employed,high school,9233,False
44,3155,307,employed,bachelor,12266,False
27,2049,629,employed,high school,9659,False
38,404,378,unemployed,bachelor,19850,False
48,2103,725,retired,bachelor,6315,True
26,1770,350,student,bachelor,11032,False
37,4002,582,retired,doctorate,9700,False
45,1945,679,retired,high school,14240,True
28,5760,778,student,doctorate,9572,True
38,3282,672,retired,master,4731,False
20,279,625,unemployed,doctorate,15036,False
55,2118,783,unemployed,doctorate,16335,True
63,2418,508,retired,bachelor,6529,False
29,4821,575,retired,doctorate,5581,False
34,9171,762,employed,doctorate,6591,True
54,4949,411,student,doctorate,17113,False
18,4471,500,student,doctorate,7246,False
63,1342,358,student,high school,10875,False
55,936,749,unemployed,doctorate,3307,False
69,13229,448,employed,doctorate,6526,False
51,2184,824,retired,bachelor,2252,False
45,5659,603,employed,bachelor,15232,False
40,10979,829,employed,doctorate,11349,True
35,3293,699,student,master,18520,True
43,4829,784,employed,bachelor,11131,True
64,3299,804,retired,master,17980,True
60,1197,768,unemployed,bachelor,1256,False
34,1056,608,unemployed,doctorate,4809,False
39,2310,765,retired,bachelor,1768,False
23,2866,495,employed,high school,9406,False
28,10470,385,employed,doctorate,10988,False
66,1345,419,unemployed,master,19752,False
61,3206,317,retired,master,14180,False
62,2966,541,unemployed,doctorate,13055,False
53,14155,330,employed,doctorate,1561,False
21,4916,649,employed,bachelor,594,False
33,247,512,unemployed,master,8559,False
39,1160,808,student,high school,17586,True
20,9884,650,employed,doctorate,16663,True
33,589,500,unemployed,high school,3313,False
64,3942,731,student,master,7895,True
41,452,321,unemployed,doctorate,1243,False
36,1469,674,retired,high school,11585,True
67,573,574,unemployed,doctorate,10669,False
37,1404,377,student,high school,18776,False
49,1246,662,student,high school,8809,True
50,10796,722,employed,doctorate,16683,True
37,3075,447,student,master,6915,False
57,1317,754,student,high school,15930,True
42,6262,808,employed,master,15975,True
51,586,457,unemployed,master,2466,False
68,549,351,unemployed,doctorate,18664,False
43,4734,596,student,doctorate,1802,False
67,929,718,unemployed,high school,10736,True
33,215,669,unemployed,bachelor,17586,True
22,3042,301,retired,master,2756,False
26,1447,365,unemployed,doctorate,944,False
41,4866,315,retired,doctorate,15749,False
58,9143,430,employed,doctorate,6341,False
50,124,825,unemployed,doctorate,7142,True
30,5575,462,student,doctorate,16623,False
21,4364,312,retired,doctorate,19132,False
28,183,791,unemployed,master,9629,True
42,9298,698,employed,doctorate,9710,True
18,4512,320,retired,doctorate,3932,False
64,1138,509,unemployed,master,4950,False
26,56,808,unemployed,high school,6603,True
18,1944,414,retired,high school,15197,False
57,2977,604,employed,high school,3299,False
32,1496,838,student,high school,10035,True
47,1761,550,unemployed,master,769,False
46,2110,670,student,bachelor,18259,True
28,383,451,unemployed,high school,16748,False
40,2691,598,student,master,3649,False
47,1639,774,student,bachelor,17068,True
20,2802,628,employed,high school,17595,False
50,4077,542,employed,bachelor,7493,False
64,924,682,unemployed,bachelor,19598,True
33,2807,481,student,master,6749,False
40,379,363,unemployed,master,13669,False
18,8245,572,employed,master,10363,False
33,1803,389,unemployed,doctorate,19828,False
21,905,574,unemployed,master,17235,False
21,3994,715,student,master,16232,True
26,3857,527,student,master,17192,False
40,2484,539,student,bachelor,11702,False
20,1092,445,student,high school,4419,False
30,1420,613,student,high school,11992,False
67,3078,420,employed,bachelor,2623,False
41,2378,422,retired,bachelor,15738,False
34,7224,661,employed,master,10023,True
64,1560,514,unemployed,master,7313,False
54,1420,805,student,high school,2687,False
69,1726,389,retired,high school,13709,False
45,1208,750,student,high school,19678,True
59,1911,320,unemployed,master,6903,False
47,2729,485,employed,high school,1641,False
47,2765,303,employed,high school,6084,False
35,2422,317,retired,bachelor,10432,False
48,3322,381,student,master,5629,False
30,1570,429,student,bachelor,11410,False
54,1814,425,student,bachelor,10312,False
69,3206,377,retired,master,721,False
29,2165,392,retired,bachelor,4212,False
35,964,657,unemployed,high school,3314,False
33,3930,322,student,master,16116,False
18,4287,849,retired,doctorate,17966,True
62,3335,672,student,master,17591,True
26,904,795,unemployed,bachelor,9312,True
67,1459,608,student,high school,10874,False
44,3094,757,retired,master,595,False
28,2860,547,student,master,7960,False
52,2129,486,retired,bachelor,8436,False
23,1013,388,unemployed,master,5658,False
55,3812,813,employed,bachelor,2792,True
57,717,723,unemployed,high school,12362,True
21,4411,491,employed,bachelor,942,False
36,2281,452,employed,high school,19761,False
41,1227,793,retired,high school,17115,True
55,1035,734,retired,high school,13339,True
36,11749,428,employed,doctorate,13309,False
31,1533,564,unemployed,doctorate,19534,False
56,2903,523,employed,high school,17785,False
43,2480,675,unemployed,master,19254,True
56,1409,517,unemployed,master,2413,False
20,1365,747,unemployed,bachelor,10913,True
68,4831,367,student,doctorate,4998,False
53,3556,626,student,master,17090,True
43,296,733,unemployed,bachelor,8619,True
59,3308,629,retired,master,11879,False
57,4681,330,student,doctorate,5160,False
41,1744,624,student,bachelor,19647,False
51,2985,536,retired,bachelor,10451,False
56,10668,302,employed,doctorate,9639,False
21,2313,430,student,bachelor,11537,False
18,323,698,unemployed,doctorate,4622,False
48,4951,376,retired,doctorate,10575,False
48,2176,534,student,bachelor,5565,False
43,2268,411,employed,high school,17957,False
48,1235,792,student,high school,4489,False
43,1085,453,student,high school,2607,False
32,3468,554,student,master,15169,False
53,276,524,unemployed,doctorate,8692,False
52,4839,445,student,doctorate,16001,False
26,2578,728,employed,high school,823,True
31,3245,773,student,master,19538,True
35,1134,651,retired,high school,17870,True
61,638,474,unemployed,master,425,False
26,2900,768,unemployed,doctorate,16818,True
30,2556,398,retired,bachelor,2951,False
37,181,333,unemployed,high school,12061,False
25,3047,759,employed,bachelor,17405,True
40,1240,532,retired,high school,2220,False
57,3546,393,employed,bachelor,8634,False
58,2294,709,unemployed,doctorate,275,False
24,2848,665,student,master,8322,True
48,5012,742,student,doctorate,7406,True
27,3720,785,retired,master,11119,True
21,4309,646,retired,doctorate,10503,False
18,2794,762,employed,high school,15412,True
39,2414,387,student,bachelor,1361,False
49,3285,799,student,master,14983,True
18,2117,519,retired,bachelor,13429,False
43,1167,733,retired,high school,16031,True
54,2722,615,retired,bachelor,18868,False
39,1861,633,retired,high school,240,False
54,3265,475,retired,master,3642,False
47,839,558,unemployed,high school,8394,False
59,1547,405,retired,high school,2480,False
68,3683,539,retired,master,8908,False
52,13831,720,employed,doctorate,5851,True
56,327,574,unemployed,high school,7857,False
58,3152,503,retired,master,16342,False
38,13724,644,employed,doctorate,1229,False
56,290,511,unemployed,high school,17362,False
20,2107,654,employed,high school,156,True
38,3072,596,retired,master,10325,False
51,1132,802,unemployed,doctorate,7551,True
40,2829,431,unemployed,doctorate,10430,False
58,1194,529,student,high school,14282,False
46,2272,751,employed,high school,18798,True
21,5083,393,student,doctorate,9943,False
20,1772,361,retired,high school,3450,False
44,158,659,unemployed,high school,18494,True
25,2880,609,employed,high school,11986,False
65,4037,528,employed,bachelor,9232,False
64,5738,810,student,doctorate,16462,True
30,1391,419,unemployed,bachelor,10368,False
21,2343,350,student,bachelor,8291,False
33,2849,842,student,master,1399,True
22,3979,780,student,master,15044,True
25,2004,411,retired,bachelor,7727,False
24,1911,463,retired,high school,10395,False
20,1686,484,student,bachelor,12137,False
42,1800,322,student,bachelor,3221,False
19,3786,618,student,master,19950,True
61,1357,785,student,high school,15654,True
59,2150,357,student,bachelor,6729,False
41,1019,337,student,high school,16213,False
67,2212,713,retired,bachelor,4318,False
26,1021,357,retired,high school,15932,False
46,4172,383,retired,doctorate,5927,False
26,13034,598,employed,doctorate,629,False
65,8681,617,employed,master,12767,False
20,4529,754,student,doctorate,6798,True
42,911,738,unemployed,doctorate,7582,True
25,607,835,unemployed,high school,9424,True
60,1789,816,unemployed,doctorate,10364,True
42,1430,621,unemployed,doctorate,9985,False
20,1403,387,unemployed,doctorate,1999,False
31,4899,434,retired,doctorate,10901,False
58,522,556,unemployed,bachelor,211,False
21,1555,788,student,bachelor,16098,True
30,708,824,unemployed,doctorate,6748,True
32,2071,438,student,bachelor,2849,False
38,8298,818,employed,master,8300,True
63,3297,502,retired,master,16548,False
19,3465,491,retired,master,2789,False
49,2232,300,employed,high school,15083,False
33,2741,761,retired,bachelor,11738,True
40,5065,617,employed,bachelor,6032,False
62,5004,546,student,doctorate,17095,False
55,2923,447,employed,high school,8888,False
20,3871,618,student,master,8309,True
45,4371,831,employed,bachelor,6812,True
50,4729,425,student,doctorate,5389,False
52,778,520,unemployed,high school,1105,False
33,2869,422,unemployed,doctorate,7520,False
28,2802,573,unemployed,doctorate,8408,False
43,6425,322,employed,master,19956,False
54,4233,605,retired,doctorate,18971,False
31,2091,549,employed,high school,2868,False
34,453,480,unemployed,bachelor,16934,False
64,2479,619,employed,high school,2384,False
35,1990,470,unemployed,doctorate,2043,False
32,5187,826,employed,bachelor,7294,True
22,11996,623,employed,doctorate,660,False
35,3966,750,retired,master,4501,False
26,4594,602,retired,doctorate,15932,False
56,11405,543,employed,doctorate,16497,False
55,3875,780,retired,master,18230,True
30,1728,323,unemployed,master,10459,False
56,3230,480,retired,master,19780,False
22,4544,597,retired,doctorate,10239,False
62,1425,693,student,high school,18950,True
34,1170,449,student,high school,7069,False
28,546,769,unemployed,bachelor,15944,True
52,4909,812,retired,doctorate,10385,True
18,14960,495,employed,doctorate,19265,False
47,8837,386,employed,master,12855,False
62,474,800,unemployed,high school,3647,False
43,626,516,unemployed,high school,3599,False
34,2210,448,retired,bachelor,18435,False
18,4310,374,student,doctorate,661,False
36,7000,366,employed,master,718,False
33,77,364,unemployed,high school,17307,False
64,10694,629,employed,doctorate,9084,False
31,452,783,unemployed,bachelor,16448,True
28,1353,845,retired,high school,11502,True
22,1447,382,unemployed,bachelor,1710,False
28,1804,482,retired,high school,15564,False
45,3467,643,retired,master,17424,False
46,5554,557,student,doctorate,19638,False
20,92,843,unemployed,doctorate,8619,True
47,3895,319,retired,master,5777,False
26,1738,591,student,bachelor,9362,False
27,10263,462,employed,doctorate,19409,False
57,9527,379,employed,doctorate,2573,False
42,1455,382,student,high school,11551,False
47,328,653,unemployed,high school,7982,True
33,3642,568,retired,master,6437,False
64,3047,689,employed,bachelor,3695,True
52,1096,626,student,high school,16201,False
61,8786,365,employed,master,12698,False
30,6300,700,employed,master,17941,True
41,4229,791,student,doctorate,2691,True
29,640,382,unemployed,high school,16213,False
21,8916,522,employed,master,11198,False
38,25,663,unemployed,master,788,False
51,4725,470,retired,doctorate,6078,False
43,2444,599,retired,bachelor,14405,False
56,3849,838,retired,master,10132,True
37,1008,609,student,high school,13639,False
42,2165,480,retired,bachelor,8442,False
62,7617,706,employed,master,13964,True
55,5215,443,student,doctorate,11957,False
66,2954,538,retired,bachelor,7893,False
67,8437,774,employed,master,6381,True
67,1444,435,unemployed,bachelor,2668,False
41,2186,769,retired,bachelor,7293,True
27,5073,621,employed,bachelor,18839,False
53,1305,485,student,high school,15086,False
56,119,512,unemployed,high school,7872,False
49,6469,320,employed,master,3360,False
69,2727,709,employed,high school,19625,True
69,1318,399,student,high school,13557,False
48,7656,629,employed,master,18015,False
60,8021,641,employed,master,3938,False
38,2385,582,unemployed,master,1476,False
35,5854,363,student,doctorate,6536,False
57,797,829,unemployed,master,17143,True
50,1708,371,student,bachelor,3835,False
33,3363,778,employed,bachelor,16435,True
61,3422,721,retired,master,2886,False
55,1495,745,student,high school,15189,True
24,1818,347,student,bachelor,8453,False
27,250,582,unemployed,high school,16765,False
27,2481,604,employed,high school,15430,False
63,2705,316,employed,high school,18019,False
24,8380,769,employed,master,18165,True
47,2440,682,student,bachelor,2783,False
61,5658,463,student,doctorate,6416,False
20,3872,325,student,master,19473,False
27,4891,346,retired,doctorate,257,False
26,4195,437,retired,doctorate,2966,False
58,5770,515,student,doctorate,8768,False
19,2542,591,employed,high school,13782,False
45,1481,606,student,high school,15250,False
38,5329,444,student,doctorate,7969,False
69,3096,810,retired,master,10631,True
46,2529,522,student,master,11073,False
23,983,408,unemployed,master,19876,False
69,2992,432,retired,bachelor,7182,False
47,9954,758,employed,doctorate,2438,True
58,5030,833,student,doctorate,17368,True
42,517,683,unemployed,bachelor,6804,True
55,4474,384,retired,doctorate,538,False
69,5269,706,student,doctorate,13226,True
51,471,372,unemployed,high school,18194,False
39,2080,680,employed,high school,3770,True
49,10949,521,employed,doctorate,18210,False
42,164,665,unemployed,high school,5686,True
43,72,406,unemployed,master,15362,False
26,5262,752,student,doctorate,2891,True
67,12343,758,employed,doctorate,6053,True
66,5564,797,student,doctorate,10136,True
58,5162,689,student,doctorate,9208,True
38,2283,464,student,bachelor,12942,False
55,107,479,unemployed,bachelor,17512,False
58,148,599,unemployed,bachelor,8574,False
48,3811,444,employed,bachelor,1130,False
34,4417,366,student,doctorate,18599,False
36,170,470,unemployed,high school,1115,False
31,9759,712,employed,doctorate,8331,True
62,3656,638,retired,master,2142,False
64,941,494,unemployed,doctorate,7833,False
61,13964,685,employed,doctorate,2075,True
42,3384,722,employed,bachelor,13765,True
64,1064,463,student,high school,8879,False
21,1811,630,retired,high school,19608,False
51,3826,691,retired,master,2693,False
68,5141,407,employed,bachelor,13104,False
28,3441,831,retired,master,14066,True
52,2220,585,unemployed,master,19079,False
45,5467,588,student,doctorate,18735,False
30,941,494,unemployed,high school,12231,False
69,3115,665,student,master,3973,True
53,10743,443,employed,doctorate,18934,False
23,4292,610,employed,bachelor,18002,False
42,1207,602,student,high school,17831,False
21,4413,776,student,doctorate,3730,True
66,1873,642,student,bachelor,2876,False
47,655,673,unemployed,high school,3335,False
45,7812,434,employed,master,5424,False
66,3640,328,employed,bachelor,3337,False
40,1309,527,retired,high school,12094,False
53,11023,748,employed,doctorate,13683,True
44,3633,596,student,master,150,False
60,3197,537,student,master,6732,False
23,1909,750,unemployed,master,8666,True
65,3634,305,student,master,5367,False
31,6487,595,employed,master,7414,False
36,6423,524,employed,master,6147,False
50,2410,440,retired,bachelor,6940,False
62,6070,479,employed,master,16212,False
65,5753,787,employed,bachelor,18145,True
36,909,811,unemployed,bachelor,8419,True
22,3537,487,student,master,10306,False
43,5681,535,student,doctorate,18503,False
60,4451,600,retired,doctorate,10153,False
51,4822,369,retired,doctorate,13810,False
59,3093,659,retired,master,15802,True
33,771,442,unemployed,bachelor,15977,False
36,5213,316,employed,bachelor,1594,False
36,3354,350,student,master,17756,False
48,1351,676,unemployed,doctorate,8750,True
37,956,611,unemployed,bachelor,2124,False
50,4144,479,retired,doctorate,8924,False
69,1543,367,student,bachelor,19702,False
56,11816,754,employed,doctorate,4797,True
40,12667,650,employed,doctorate,1439,True
29,4863,493,student,doctorate,1910,False
50,4503,355,retired,doctorate,1457,False
18,1459,579,retired,high school,18466,False
50,2368,624,employed,high school,7099,False
23,3890,350,retired,master,1120,False
45,2214,300,unemployed,master,15309,False
47,492,385,unemployed,bachelor,5370,False
19,14810,735,employed,doctorate,9857,True
57,2795,651,retired,bachelor,13837,True
59,12852,747,employed,doctorate,12062,True
52,13451,595,employed,doctorate,15152,False
63,3316,836,employed,bachelor,3108,True
41,868,550,unemployed,master,15143,False
23,1643,592,unemployed,doctorate,14375,False
46,2059,333,student,bachelor,4941,False
28,7729,590,employed,master,5989,False
22,10666,602,employed,doctorate,5362,False
49,13066,629,employed,doctorate,1893,False
64,1857,568,retired,high school,4088,False
65,2666,534,unemployed,doctorate,3541,False
61,669,605,unemployed,high school,6092,False
59,3660,554,retired,master,2017,False
52,1683,835,student,bachelor,755,False
65,461,345,unemployed,bachelor,2437,False
42,3445,665,student,master,19087,True
34,1691,542,student,bachelor,5062,False
40,2174,480,employed,high school,17322,False
23,4373,533,student,doctorate,7043,False
30,4863,549,employed,bachelor,11995,False
52,3280,401,student,master,7562,False
28,261,492,unemployed,master,9811,False
28,11782,597,employed,doctorate,12433,False
18,1225,398,retired,high school,8489,False
30,939,724,unemployed,high school,14537,True
42,4735,447,retired,doctorate,12675,False
27,3953,350,retired,master,19103,False
52,3800,441,student,master,9962,False
40,218,453,unemployed,high school,19988,False
57,486,386,unemployed,high school,2009,False
60,5352,680,student,doctorate,15056,True
24,5243,376,employed,bachelor,191,False
56,733,672,unemployed,high school,13669,True
20,5610,563,student,doctorate,15938,False
58,6156,599,employed,master,12918,False
31,41,436,unemployed,high school,3611,False
65,4271,479,student,doctorate,18751,False
67,3840,483,retired,master,14370,False
57,9759,450,employed,doctorate,9927,False
53,7148,432,employed,master,10273,False
28,1427,354,retired,high school,17370,False
37,4750,756,student,doctorate,6818,True
52,947,349,unemployed,doctorate,9580,False
61,2278,336,student,bachelor,19869,False
25,2640,491,retired,bachelor,9187,False
24,2368,668,retired,bachelor,14686,True
68,1184,606,retired,high school,9310,False
56,1460,517,student,high school,7156,False
62,3404,790,retired,master,10578,True
27,13252,465,employed,doctorate,3787,False
22,85,398,unemployed,doctorate,7715,False
52,3574,438,student,master,6659,False
30,4058,739,retired,doctorate,5309,True
22,3266,318,retired,master,13827,False
19,2264,370,unemployed,doctorate,17400,False
58,917,727,unemployed,bachelor,19071,True
46,5034,718,employed,bachelor,8773,True
51,799,708,unemployed,high school,3050,False
61,1482,811,student,high school,7872,True
66,4791,490,retired,doctorate,10519,False
31,663,582,unemployed,high school,11662,False
67,3648,466,employed,bachelor,6181,False
37,13298,400,employed,doctorate,8827,False
67,1055,416,retired,high school,16734,False
23,1322,328,unemployed,doctorate,8614,False
60,4525,705,student,doctorate,18090,True
69,4018,500,employed,bachelor,5096,False
57,1120,524,unemployed,bachelor,19345,False
44,1960,348,student,bachelor,6460,False
65,1311,598,retired,high school,6919,False
58,1039,549,unemployed,bachelor,9044,False
28,3739,468,retired,master,6353,False
30,1971,741,retired,high school,18176,True
63,8602,788,employed,master,6250,True
44,8271,684,employed,master,15905,True
25,3682,390,employed,bachelor,6428,False
61,5943,465,employed,bachelor,9797,False
67,1499,533,student,high school,8492,False
27,2050,849,employed,high school,7286,True
39,7172,640,employed,master,3965,False
41,2255,553,student,bachelor,19126,False
68,2733,707,employed,high school,14106,True
60,1008,558,student,high school,2487,False
63,4338,812,student,doctorate,12664,True
45,2019,848,student,bachelor,5911,True
46,2220,671,employed,high school,14697,True
49,2200,395,unemployed,master,10009,False
60,3089,360,retired,master,19313,False
29,5505,734,student,doctorate,2278,True
37,2195,516,employed,high school,10159,False
46,11517,410,employed,doctorate,10758,False
42,2408,353,unemployed,doctorate,5426,False
46,1293,838,unemployed,master,4080,False
66,2405,334,employed,high school,439,False
58,13955,549,employed,doctorate,2840,False
54,2229,336,retired,bachelor,9657,False
35,1785,799,retired,high school,16308,True
33,2261,459,retired,bachelor,4343,False
68,8476,644,employed,master,4570,False
30,2102,459,employed,high school,8668,False
69,3587,794,retired,master,7777,True
27,3297,626,retired,master,10695,False
22,275,338,unemployed,high school,17273,False
24,1430,565,student,high school,6724,False
60,2317,821,employed,high school,16567,True
67,486,411,unemployed,doctorate,17444,False
36,3448,534,retired,master,240,False
53,5144,318,student,doctorate,5915,False
53,4268,753,student,doctorate,7548,True
49,1479,608,unemployed,master,13863,False
44,10362,641,employed,doctorate,19648,False
52,3791,524,retired,master,961,False
44,2418,683,employed,high school,10566,True
31,6971,691,employed,master,13250,True
37,2569,545,retired,bachelor,14201,False
52,4087,367,retired,doctorate,6037,False
22,1048,341,student,high school,11781,False
62,10542,645,employed,doctorate,16552,False
45,1088,523,student,high school,19303,False
60,645,485,unemployed,master,5680,False
18,5551,788,student,doctorate,13233,True
64,2195,425,retired,bachelor,15111,False
43,1841,620,retired,high school,4145,False
26,465,331,unemployed,doctorate,9296,False
56,2106,727,unemployed,master,19306,True
23,1671,313,retired,high school,13851,False
44,5341,753,student,doctorate,719,True
32,4994,742,student,doctorate,11616,True
62,4096,695,retired,doctorate,9072,True
65,2148,338,retired,bachelor,9420,False
46,1708,597,retired,high school,13335,False
36,2473,777,retired,bachelor,8368,True
60,1930,578,student,bachelor,3228,False
35,5543,479,employed,bachelor,15598,False
40,1278,443,unemployed,master,4272,False
28,844,517,unemployed,bachelor,8114,False
62,3916,737,retired,master,14811,True
40,1076,704,student,high school,15655,True
29,11574,356,employed,doctorate,5636,False
35,2291,755,student,bachelor,6028,True
55,3985,790,student,master,19288,True
20,2372,318,employed,high school,1395,False
48,1644,515,retired,high school,273,False
35,4695,595,retired,doctorate,19305,False
55,878,465,unemployed,high school,441,False
30,3854,827,student,master,16847,True
53,1614,680,retired,high school,19546,True
30,544,820,unemployed,high school,8885,True
26,319,361,unemployed,high school,4711,False
32,14749,703,employed,doctorate,17539,True
33,8999,664,employed,master,6149,True
62,2234,664,retired,bachelor,5300,True
42,14015,596,employed,doctorate,18574,False
66,3640,529,student,master,3298,False
36,3664,391,employed,bachelor,4410,False
23,2169,618,employed,high school,18248,False
20,800,509,unemployed,master,5301,False
67,2974,415,employed,high school,1569,False
22,2985,829,retired,bachelor,832,False
37,2463,590,unemployed,doctorate,10032,False
63,4078,573,retired,doctorate,11910,False
23,192,750,unemployed,bachelor,13730,True
52,2131,819,student,bachelor,8698,True
25,4624,704,retired,doctorate,14347,True
61,3612,816,retired,master,3040,False
61,5791,433,student,doctorate,17855,False
65,5210,423,employed,bachelor,15649,False
22,3935,808,retired,master,10576,True
22,1339,793,student,high school,15073,True
43,5034,420,employed,bachelor,4087,False
64,1467,472,student,high school,7700,False
69,1306,787,student,high school,19338,True
35,2324,359,employed,high school,10997,False
36,2095,698,retired,bachelor,3257,False
67,5974,789,student,doctorate,6615,True
22,755,644,unemployed,high school,9085,False
57,35,678,unemployed,master,17901,True
53,1165,326,student,high school,13215,False
50,3523,520,retired,master,15306,False
56,14465,374,employed,doctorate,5036,False
49,1212,463,unemployed,master,19846,False
33,3715,540,student,master,12099,False
21,1164,810,student,high school,7936,True
29,1919,400,unemployed,doctorate,1471,False
21,1841,357,student,bachelor,2765,False
57,4626,623,retired,doctorate,806,False
64,1432,846,student,high school,10973,True
61,1077,736,unemployed,master,1113,False
19,1440,686,retired,high school,7997,True
30,4883,468,retired,doctorate,14016,False
53,3342,480,student,master,5931,False
48,732,632,unemployed,high school,11779,False
38,1180,491,unemployed,doctorate,14729,False
61,2393,507,student,bachelor,14616,False
66,2376,594,retired,bachelor,19956,False
42,8945,688,employed,master,3111,True
45,2069,396,student,bachelor,7405,False
38,2549,774,employed,high school,7519,True
41,12841,778,employed,doctorate,4806,True
19,4069,600,student,doctorate,9179,True
29,1196,719,student,high school,9730,True
22,4887,745,employed,bachelor,996,True
49,718,488,unemployed,high school,15364,False
64,2677,382,retired,bachelor,6841,False
63,2073,383,employed,high school,15814,False
42,672,816,unemployed,bachelor,3318,False
32,1254,670,student,high school,14969,True
53,488,320,unemployed,bachelor,1250,False
27,1601,436,unemployed,doctorate,9428,False
29,2569,653,employed,high school,19252,True
49,395,481,unemployed,bachelor,15792,False
27,9913,624,employed,doctorate,10340,False
57,7395,584,employed,master,8651,False
59,3492,483,student,master,18437,False
65,457,478,unemployed,high school,12745,False
29,5260,507,employed,bachelor,16419,False
61,2228,595,employed,high school,13714,False
22,7422,611,employed,master,15669,False
38,2806,641,student,master,18290,True
28,3061,515,retired,master,14972,False
